
--○ 관리자 테이블 데이터
INSERT INTO TBL_ADMIN(ADMIN_ID, PW, NAME) VALUES ('ad_limya', '1111', '임윤아');
INSERT INTO TBL_ADMIN(ADMIN_ID, PW, NAME) VALUES ('ad_seokj', '1010', '서강준');


--○ 교수 테이블 데이터
INSERT INTO TBL_PROFESSOR (PRO_ID, PW, NAME, FSSN, BSSN, SIGNDATE)
VALUES ('hjkim', '1234567', '김호진', '650924', '1234567', TO_DATE('2002-05-22','YYYY-MM-DD'));
INSERT INTO TBL_PROFESSOR (PRO_ID, PW, NAME, FSSN, BSSN, SIGNDATE)
VALUES ('yjseo', '1123456', '서영학', '770314', '1123456', TO_DATE('2016-12-02','YYYY-MM-DD'));
INSERT INTO TBL_PROFESSOR (PRO_ID, PW, NAME, FSSN, BSSN, SIGNDATE)
VALUES ('jhhan', '1112345', '한장희', '791109', '1112345', TO_DATE('2007-01-26','YYYY-MM-DD'));
INSERT INTO TBL_PROFESSOR (PRO_ID, PW, NAME, FSSN, BSSN, SIGNDATE)
VALUES ('jhlim', '1111234', '임정훈', '880111', '1111234', TO_DATE('2010-06-06','YYYY-MM-DD'));
INSERT INTO TBL_PROFESSOR (PRO_ID, PW, NAME, FSSN, BSSN, SIGNDATE)
VALUES ('gmlee', '2345678', '이규미', '941013', '2345678', TO_DATE('2013-02-28','YYYY-MM-DD'));
INSERT INTO TBL_PROFESSOR (PRO_ID, PW, NAME, FSSN, BSSN, SIGNDATE)
VALUES ('hrkim', '1111123', '김현룡', '710211', '1111123', TO_DATE('2004-08-07','YYYY-MM-DD'));


--○ 학생 테이블 데이터
INSERT INTO TBL_STUDENT(STU_ID, PW, NAME, FSSN, BSSN, SIGNDATE)   
VALUES ('201305097', '1124567','이찬호','941108','1124567',TO_DATE('2013-02-15','YYYY-MM-DD'));
INSERT INTO TBL_STUDENT(STU_ID, PW, NAME, FSSN, BSSN, SIGNDATE)
VALUES ('201405047', '1144589','홍길동','951211','1144589',TO_DATE('2014-04-02','YYYY-MM-DD'));
INSERT INTO TBL_STUDENT(STU_ID, PW, NAME, FSSN, BSSN, SIGNDATE)
VALUES ('201305047', '2145789','박혜진','990312','2145789',TO_DATE('2013-03-12','YYYY-MM-DD'));
INSERT INTO TBL_STUDENT(STU_ID, PW, NAME, FSSN, BSSN, SIGNDATE)
VALUES ('200102059', '2234567','장민지','960618','2234567',TO_DATE('2001-08-07','YYYY-MM-DD'));
INSERT INTO TBL_STUDENT(STU_ID, PW, NAME, FSSN, BSSN, SIGNDATE)          
VALUES ('201702057', '3123458','윤유동','010505','3123458',TO_DATE('2021-02-12','YYYY-MM-DD'));
INSERT INTO TBL_STUDENT(STU_ID, PW, NAME, FSSN, BSSN, SIGNDATE)         
VALUES ('202002015', '3246887','김진희','021112','3246887',TO_DATE('2020-07-13','YYYY-MM-DD'));
INSERT INTO TBL_STUDENT(STU_ID, PW, NAME, FSSN, BSSN, SIGNDATE)         
VALUES ('202105043', '4123457','손다정','010812','4123457',TO_DATE('2020-05-17','YYYY-MM-DD'));
INSERT INTO TBL_STUDENT(STU_ID, PW, NAME, FSSN, BSSN, SIGNDATE)         
VALUES ('201403047', '2225689','장유진','950517','2225689',TO_DATE('2014-04-13','YYYY-MM-DD'));
INSERT INTO TBL_STUDENT(STU_ID, PW, NAME, FSSN, BSSN, SIGNDATE)         
VALUES ('202105044', '4812578','장진하','010712','4812578',TO_DATE('2020-05-17','YYYY-MM-DD'));
INSERT INTO TBL_STUDENT(STU_ID, PW, NAME, FSSN, BSSN, SIGNDATE)          
VALUES ('201502078', '3245678','손범석','020305','3245678',TO_DATE('2015-02-12','YYYY-MM-DD'));
INSERT INTO TBL_STUDENT(STU_ID, PW, NAME, FSSN, BSSN, SIGNDATE)          
VALUES ('201505023', '1378214','서승균','940312','1378214',TO_DATE('2015-05-07','YYYY-MM-DD'));


--○ 강의실 테이블 데이터
INSERT INTO TBL_CLASSROOM(CLASS_CODE,NAME,CAPACITY) VALUES(1,'공학관R101','강의실1층 수용인원15명');
INSERT INTO TBL_CLASSROOM(CLASS_CODE,NAME,CAPACITY) VALUES(2,'상경학관R202','강의실2층 수용인원20명');
INSERT INTO TBL_CLASSROOM(CLASS_CODE,NAME,CAPACITY) VALUES(3,'의료학관R303','강의실3층 수용인원25명');
INSERT INTO TBL_CLASSROOM(CLASS_CODE,NAME,CAPACITY) VALUES(4,'예술학관R404','강의실4층 수용인원30명');
INSERT INTO TBL_CLASSROOM(CLASS_CODE,NAME,CAPACITY) VALUES(5,'인문관R505','강의실5층 수용인원35명');
INSERT INTO TBL_CLASSROOM(CLASS_CODE,NAME,CAPACITY) VALUES(6,'공학관R205','강의실2층 수용인원30명');


--○ 배점 테이블 데이터
INSERT INTO TBL_ALLOT(ALLOT_CODE,ATTEND ,PRACTICE ,WRITTEN) VALUES(1,30,35,35);
INSERT INTO TBL_ALLOT(ALLOT_CODE,ATTEND ,PRACTICE ,WRITTEN) VALUES(2,20,40,40);
INSERT INTO TBL_ALLOT(ALLOT_CODE,ATTEND ,PRACTICE ,WRITTEN) VALUES(3,15,45,40);
INSERT INTO TBL_ALLOT(ALLOT_CODE,ATTEND ,PRACTICE ,WRITTEN) VALUES(4,10,45,45);
INSERT INTO TBL_ALLOT(ALLOT_CODE,ATTEND ,PRACTICE ,WRITTEN) VALUES(5,25,50,25);
INSERT INTO TBL_ALLOT(ALLOT_CODE,ATTEND ,PRACTICE ,WRITTEN) VALUES(6,30,40,30);


--○ 과목 테이블 데이터
INSERT INTO TBL_SUBJECTS(SUB_CODE, NAME, BOOK) VALUES(1, '자바', '자바의 정석');
INSERT INTO TBL_SUBJECTS(SUB_CODE, NAME, BOOK) VALUES(2, '오라클', '오라클의 정석');
INSERT INTO TBL_SUBJECTS(SUB_CODE, NAME, BOOK) VALUES(3, '파이썬', 'Do it! 점프 투 파이썬');
INSERT INTO TBL_SUBJECTS(SUB_CODE, NAME, BOOK) VALUES(4, 'C언어', '독하게 시작하는 C 프로그래밍');
INSERT INTO TBL_SUBJECTS(SUB_CODE, NAME, BOOK) VALUES(5, '스프링', '스프링 퀵 스타트');


--○ 과정 데이터 입력
INSERT INTO TBL_COURSE(COUR_CODE, CLASS_CODE, STARTDATE, ENDDATE, LIMIT) 
VALUES ('개발자A', 1, TO_DATE('2021-07-01','YYYY-MM-DD'), TO_DATE('2021-09-30','YYYY-MM-DD'), 15);
INSERT INTO TBL_COURSE(COUR_CODE, CLASS_CODE, STARTDATE, ENDDATE, LIMIT) 
VALUES ('빅데이터A', 2, TO_DATE('2021-03-15','YYYY-MM-DD'), TO_DATE('2021-06-15','YYYY-MM-DD'), 20);
INSERT INTO TBL_COURSE(COUR_CODE, CLASS_CODE, STARTDATE, ENDDATE, LIMIT) 
VALUES ('퍼블리셔A', 3, TO_DATE('2021-05-15','YYYY-MM-DD'), TO_DATE('2021-08-15','YYYY-MM-DD'), 25);
INSERT INTO TBL_COURSE(COUR_CODE, CLASS_CODE, STARTDATE, ENDDATE, LIMIT) 
VALUES ('개발자B', 4, TO_DATE('2021-09-30','YYYY-MM-DD'), TO_DATE('2021-12-31','YYYY-MM-DD'), 24);
INSERT INTO TBL_COURSE(COUR_CODE, CLASS_CODE, STARTDATE, ENDDATE, LIMIT) 
VALUES ('빅데이터B', 5, TO_DATE('2021-12-15','YYYY-MM-DD'), TO_DATE('2022-03-18','YYYY-MM-DD'), 20);


--○ 개설과목 데이터 입력
INSERT INTO TBL_OPSUBJECT(OPSUB_CODE, COUR_CODE, SUB_CODE, PRO_ID, ALLOT_CODE, STARTDATE, ENDDATE) 
VALUES (10001, '개발자A', 1, 'hjkim', 5, TO_DATE('2021-07-01','YYYY-MM-DD'), TO_DATE('2021-07-31','YYYY-MM-DD'));
INSERT INTO TBL_OPSUBJECT(OPSUB_CODE, COUR_CODE, SUB_CODE, PRO_ID, ALLOT_CODE, STARTDATE, ENDDATE) 
VALUES (10002, '개발자A', 2, 'yjseo', 4, TO_DATE('2021-08-01','YYYY-MM-DD'), TO_DATE('2021-08-31','YYYY-MM-DD'));
INSERT INTO TBL_OPSUBJECT(OPSUB_CODE, COUR_CODE, SUB_CODE, PRO_ID, ALLOT_CODE, STARTDATE, ENDDATE) 
VALUES (10003, '개발자A', 3, 'jhlim', 1, TO_DATE('2021-09-01','YYYY-MM-DD'), TO_DATE('2021-09-30','YYYY-MM-DD'));

INSERT INTO TBL_OPSUBJECT(OPSUB_CODE, COUR_CODE, SUB_CODE, PRO_ID, ALLOT_CODE, STARTDATE, ENDDATE) 
VALUES (10004, '빅데이터A', 2, 'jhhan', 3, TO_DATE('2021-03-15','YYYY-MM-DD'), TO_DATE('2021-04-15','YYYY-MM-DD'));
INSERT INTO TBL_OPSUBJECT(OPSUB_CODE, COUR_CODE, SUB_CODE, PRO_ID, ALLOT_CODE, STARTDATE, ENDDATE) 
VALUES (10005, '빅데이터A', 4, 'jhhan', 4, TO_DATE('2021-04-16','YYYY-MM-DD'), TO_DATE('2021-05-15','YYYY-MM-DD'));
INSERT INTO TBL_OPSUBJECT(OPSUB_CODE, COUR_CODE, SUB_CODE, PRO_ID, ALLOT_CODE, STARTDATE, ENDDATE) 
VALUES (10006, '빅데이터A', 5, 'jhhan', 4, TO_DATE('2021-05-16','YYYY-MM-DD'), TO_DATE('2021-06-15','YYYY-MM-DD'));
          
INSERT INTO TBL_OPSUBJECT(OPSUB_CODE, COUR_CODE, SUB_CODE, PRO_ID, ALLOT_CODE, STARTDATE, ENDDATE) 
VALUES (10007, '퍼블리셔A', 1, 'jhlim', 2, TO_DATE('2021-05-15','YYYY-MM-DD'), TO_DATE('2021-06-15','YYYY-MM-DD'));
INSERT INTO TBL_OPSUBJECT(OPSUB_CODE, COUR_CODE, SUB_CODE, PRO_ID, ALLOT_CODE, STARTDATE, ENDDATE) 
VALUES (10008, '퍼블리셔A', 4, 'jhlim', 4, TO_DATE('2021-06-16','YYYY-MM-DD'), TO_DATE('2021-07-16','YYYY-MM-DD'));
INSERT INTO TBL_OPSUBJECT(OPSUB_CODE, COUR_CODE, SUB_CODE, PRO_ID, ALLOT_CODE, STARTDATE, ENDDATE) 
VALUES (10009, '퍼블리셔A', 5, 'gmlee', 6, TO_DATE('2021-07-17','YYYY-MM-DD'), TO_DATE('2021-08-15','YYYY-MM-DD'));

INSERT INTO TBL_OPSUBJECT(OPSUB_CODE, COUR_CODE, SUB_CODE, PRO_ID, ALLOT_CODE, STARTDATE, ENDDATE) 
VALUES (10010, '개발자B', 1, 'gmlee', 3, TO_DATE('2021-09-30','YYYY-MM-DD'), TO_DATE('2021-10-29','YYYY-MM-DD'));
INSERT INTO TBL_OPSUBJECT(OPSUB_CODE, COUR_CODE, SUB_CODE, PRO_ID, ALLOT_CODE, STARTDATE, ENDDATE) 
VALUES (10011, '개발자B', 2, 'hrkim', 6, TO_DATE('2021-11-01','YYYY-MM-DD'), TO_DATE('2021-11-30','YYYY-MM-DD'));
INSERT INTO TBL_OPSUBJECT(OPSUB_CODE, COUR_CODE, SUB_CODE, PRO_ID, ALLOT_CODE, STARTDATE, ENDDATE) 
VALUES (10012, '개발자B', 4, 'hjkim', 2, TO_DATE('2021-12-01','YYYY-MM-DD'), TO_DATE('2021-12-31','YYYY-MM-DD'));

INSERT INTO TBL_OPSUBJECT(OPSUB_CODE, COUR_CODE, SUB_CODE, PRO_ID, ALLOT_CODE, STARTDATE, ENDDATE) 
VALUES (10013, '빅데이터B', 2, 'yjseo', 1, TO_DATE('2021-12-15','YYYY-MM-DD'), TO_DATE('2022-01-15','YYYY-MM-DD'));
INSERT INTO TBL_OPSUBJECT(OPSUB_CODE, COUR_CODE, SUB_CODE, PRO_ID, ALLOT_CODE, STARTDATE, ENDDATE) 
VALUES (10014, '빅데이터B', 3, 'hrkim', 2, TO_DATE('2022-01-16','YYYY-MM-DD'), TO_DATE('2022-02-15','YYYY-MM-DD'));
INSERT INTO TBL_OPSUBJECT(OPSUB_CODE, COUR_CODE, SUB_CODE, PRO_ID, ALLOT_CODE, STARTDATE, ENDDATE) 
VALUES (10015, '빅데이터B', 5, 'yjseo', 2, TO_DATE('2022-02-16','YYYY-MM-DD'), TO_DATE('2022-03-18','YYYY-MM-DD'));



--○ 수강신청 테이블 데이터 입력
--이찬호
INSERT INTO TBL_REGIST(REG_CODE, STU_ID, COUR_CODE, REG_DATE)
        VALUES (1, '201305097', '개발자A', TO_DATE('2020-11-01','YYYY-MM-DD'));
--홍길동
INSERT INTO TBL_REGIST(REG_CODE, STU_ID, COUR_CODE, REG_DATE)
        VALUES (2, '201405047', '빅데이터A', TO_DATE('2021-02-20','YYYY-MM-DD'));
--박혜진        
INSERT INTO TBL_REGIST(REG_CODE, STU_ID, COUR_CODE, REG_DATE)
        VALUES (3, '201305047', '개발자B', TO_DATE('2021-09-09','YYYY-MM-DD'));

--장민지
INSERT INTO TBL_REGIST(REG_CODE, STU_ID, COUR_CODE, REG_DATE)
        VALUES (4, '200102059', '퍼블리셔A', TO_DATE('2021-05-08','YYYY-MM-DD'));
--윤유동
INSERT INTO TBL_REGIST(REG_CODE, STU_ID, COUR_CODE, REG_DATE)
        VALUES (5, '201702057', '개발자A', TO_DATE('2020-11-13','YYYY-MM-DD'));


--○ 성적 테이블 데이터 입력
--이찬호 개발자A
INSERT INTO TBL_GRADE(GRADE_CODE, OPSUB_CODE, REG_CODE, ATTEND, PRACTICE, WRITTEN)
VALUES(1,10001,1,70,80,90);
INSERT INTO TBL_GRADE(GRADE_CODE, OPSUB_CODE, REG_CODE, ATTEND, PRACTICE, WRITTEN)
VALUES(2,10002,1,50,20,100);
INSERT INTO TBL_GRADE(GRADE_CODE, OPSUB_CODE, REG_CODE, ATTEND, PRACTICE, WRITTEN)
VALUES(3,10003,1,100,80,76);

--홍길동 빅데이터A
INSERT INTO TBL_GRADE(GRADE_CODE, OPSUB_CODE, REG_CODE, ATTEND, PRACTICE, WRITTEN)
VALUES(4,10004,2,50,60,70);
INSERT INTO TBL_GRADE(GRADE_CODE, OPSUB_CODE, REG_CODE, ATTEND, PRACTICE, WRITTEN)
VALUES(5,10005,2,50,20,100);
INSERT INTO TBL_GRADE(GRADE_CODE, OPSUB_CODE, REG_CODE, ATTEND, PRACTICE, WRITTEN)
VALUES(6,10006,2,100,80,80);

--박혜진 개발자B
INSERT INTO TBL_GRADE(GRADE_CODE, OPSUB_CODE, REG_CODE, ATTEND, PRACTICE, WRITTEN)
VALUES(7,10010,3,70,80,90);
INSERT INTO TBL_GRADE(GRADE_CODE, OPSUB_CODE, REG_CODE, ATTEND, PRACTICE, WRITTEN)
VALUES(8,10011,3,50,50,80);
INSERT INTO TBL_GRADE(GRADE_CODE, OPSUB_CODE, REG_CODE, ATTEND, PRACTICE, WRITTEN)
VALUES(9,10012,3,70,60,50);

--장민지 퍼블리셔A
INSERT INTO TBL_GRADE(GRADE_CODE, OPSUB_CODE, REG_CODE, ATTEND, PRACTICE, WRITTEN)
VALUES(10,10007,4,70,70,70);
INSERT INTO TBL_GRADE(GRADE_CODE, OPSUB_CODE, REG_CODE, ATTEND, PRACTICE, WRITTEN)
VALUES(11,10008,4,70,70,50);
INSERT INTO TBL_GRADE(GRADE_CODE, OPSUB_CODE, REG_CODE, ATTEND, PRACTICE, WRITTEN)
VALUES(12,10009,4,90,90,80);

--윤유동 개발자A
INSERT INTO TBL_GRADE(GRADE_CODE, OPSUB_CODE, REG_CODE, ATTEND, PRACTICE, WRITTEN)
VALUES(13,10001,5,100,90,90);
INSERT INTO TBL_GRADE(GRADE_CODE, OPSUB_CODE, REG_CODE, ATTEND, PRACTICE, WRITTEN)
VALUES(14,10002,5,80,60,100);
INSERT INTO TBL_GRADE(GRADE_CODE, OPSUB_CODE, REG_CODE, ATTEND, PRACTICE, WRITTEN)
VALUES(15,10003,5,80,80,80);


--○ 중도하차 테이블 데이터 입력
INSERT INTO TBL_QUIT(QUIT_CODE, REG_CODE, REASON, QUIT_DATE)
VALUES(1, 4, '취업성공!!','2021-07-01');
